Timestamp,Leeftijd,Geslacht,Klimervaring,Vereniging,Klimzaal,Dagen_klimmen,Dagen_alternatief_specifiek,Dagen_alternatief_algemeen,Indoor_toprope,Indoor_lead,Indoor_boulder,Indoor_speed,Outdoor_boulder,Outdoor_singlepitch,Outdoor_multipitch,Outdoor_trad,Outdoor_alpinisme,Dal,Verticaal,Overhangend_licht,Overhangend_sterk,Dak,Indoor_RP_toprope,Indoor_RP_lead,Outdoor_RP_lead,Indoor_RP_boulder,Outdoor_RP_boulder,Indoor_OS_toprope,Indoor_OS_lead,Outdoor_OS_lead,Indoor_OS_boulder,Outdoor_OS_boulder,Absolute_kracht,Evenwicht,Uithouding,Routes_lezen,Voetenwerk,Zekeren,Klimtactiek,Angstbeheersing,Flexibiliteit,Focus,Vormspanning,Spotten,Vingerkracht,Touwtechnieken,Side_pull,Pinch,Open_handgreep,Full_crimp,Gaston,Heel_hook,Jam,Voeten_op_wrijving,Pied_main,Lock_off,Knee_bar,Mono,Toe_hook,Dyno,Lay_back,Campus,Voetwissel,Drop_knee
12/14/2020 20:28:19,34,Man,15,Ja,Blueberry hill,1.5,0,2,Ja,Ja,Ja,Nee,Ja,Ja,Ja,Ja,Ja,9,8,7,0,4,6a,5c,5c,Blauw,5A,5c,5b,5b,Blauw,<5A,7,7,9,8,7,10,8,6,6,8,7,8,7,10,8,7,8,5,6,4,8,8,8,8,4,0,0,4,7,3,7,7
12/14/2020 21:30:36,37,Vrouw,4,Ja,Blueberry ,1.5,0,4,Ja,Nee,Ja,Nee,Nee,Nee,Nee,Nee,Nee,9,9,8,5,1,6b+,Niet van toepassing,Niet van toepassing,Rood,Niet van toepassing,6a+,Niet van toepassing,Niet van toepassing,Blauw,Niet van toepassing,5,7,6,6,7,7,7,7,8,8,6,6,7,5,6,8,6,7,6,6,6,6,9,6,6,6,7,3,6,3,6,7
12/14/2020 21:30:56,46,Man,30,Ja,Biover,1.5,0,4,Ja,Ja,Nee,Nee,Nee,Ja,Ja,Ja,Ja,8,8,8,6,7,6c,6b,6b+,Niet van toepassing,Niet van toepassing,6b,6a,6a,Niet van toepassing,Niet van toepassing,7,6,6,7,7,7,6,7,6,7,7,8,7,8,8,8,7,4,6,7,7,6,7,5,3,3,4,1,7,1,3,4
12/14/2020 21:31:20,41,Man,6,Ja,Sport Vlaanderen Brugge,1,2,3,Ja,Ja,Nee,Nee,Nee,Ja,Nee,Nee,Nee,8,9,8,3,5,6b,5c,5c,Niet van toepassing,Niet van toepassing,6a,5c,5b,Niet van toepassing,Niet van toepassing,6,5,6,7,8,8,9,9,8,8,8,6,7,6,8,8,9,4,5,4,0,6,9,6,2,6,0,3,2,4,5,3
12/14/2020 21:31:52,18,Man,8,Ja,Blueberry Hill,2,0,1,Ja,Ja,Ja,Nee,Nee,Ja,Ja,Nee,Nee,7,5,7,9,10,7a,7a,7a+,Niet van toepassing,Niet van toepassing,6c,6b,6b,Niet van toepassing,Niet van toepassing,8,7,7,9,9,10,9,7,9,10,9,8,8,10,8,6,9,6,8,9,4,6,8,2,3,5,7,4,6,6,7,8
12/14/2020 21:33:52,22,Man,0.4,Ja,Blueberry hill,0.5,0,0,Ja,Nee,Nee,Nee,Nee,Ja,Nee,Nee,Nee,9,9,9,3,4,6a,Niet van toepassing,<5a,Niet van toepassing,Niet van toepassing,5b,Niet van toepassing,<5a,Niet van toepassing,Niet van toepassing,6,6,7,1,5,9,4,8,8,6,8,9,3,10,10,9,8,9,9,10,10,10,10,10,10,10,10,7,7,7,2,3
12/14/2020 21:34:39,39,Vrouw,4,Ja,Bloso Brugge,3.5,0,0,Ja,Ja,Nee,Nee,Nee,Ja,Ja,Ja,Ja,7,10,5,0,5,5c,5b,<5a,Oranje,Niet van toepassing,5c,5b,<5a,Oranje,Niet van toepassing,2,7,7,7,7,10,7,7,7,7,7,9,6,9,7,7,7,7,6,5,4,3,5,4,4,7,5,5,5,5,7,5
12/14/2020 21:36:16,32,Vrouw,1,Ja,Bbh kortrijk,1.5,1.5,2,Ja,Nee,Ja,Nee,Nee,Nee,Nee,Nee,Nee,9,9,8,4,4,6a,Niet van toepassing,Niet van toepassing,Blauw,Niet van toepassing,5c,Niet van toepassing,Niet van toepassing,Oranje,Niet van toepassing,3,6,8,5,5,10,6,7,7,9,6,3,2,5,7,9,6,0,5,4,2,8,7,5,5,5,5,3,5,1,9,7
12/14/2020 21:37:57,32,Man,6,Ja,Balance,2.5,2,0.5,Ja,Nee,Ja,Nee,Ja,Ja,Nee,Nee,Nee,5,7,10,10,10,6c,6b,6b,Zwart,6B+,6b+,6b,6b,Rood,6A+,7,4,6,9,6,9,7,5,6,7,8,8,6,5,8,5,7,6,8,10,3,2,8,7,4,3,8,7,7,8,7,7
12/14/2020 21:39:44,43,Man,25,Nee,Biover,2,0,0,Nee,Nee,Ja,Nee,Ja,Nee,Nee,Nee,Nee,6,6,7,9,10,Niet van toepassing,Niet van toepassing,8b,>Wit,8A+,Niet van toepassing,Niet van toepassing,7b+,Niet van toepassing,7A+,6,9,6,10,9,9,8,8,8,8,7,9,8,7,10,10,10,10,10,10,9,10,10,10,10,7,10,0,7,10,10,10
12/14/2020 21:41:35,40,Man,20,Ja,Rhino Boulder Gym,3,2,0,Ja,Ja,Ja,Nee,Ja,Ja,Ja,Nee,Ja,4,10,10,10,7,7b,7a,7b,Zwart,7A,7a,7a,7a+,Rood,6B,7,8,7,8,9,9,8,7,4,9,5,7,8,5,10,10,10,10,10,10,10,8,10,10,10,10,10,10,8,10,9,10
12/14/2020 21:41:42,41,Man,5,Ja,Brugge,2,2,1,Ja,Ja,Nee,Nee,Nee,Ja,Ja,Ja,Ja,2,9,10,9,9,7a,6b+,6b,Niet van toepassing,Niet van toepassing,6c,6b,6a,Niet van toepassing,Niet van toepassing,8,6,7,4,5,9,7,3,7,8,8,8,9,8,8,9,9,3,6,7,7,4,7,8,7,7,6,7,8,8,6,7
12/14/2020 21:41:48,41,Man,5,Ja,Brugge,2,2,1,Ja,Ja,Nee,Nee,Nee,Ja,Ja,Ja,Ja,2,9,10,9,9,7a,6b+,6b,Niet van toepassing,Niet van toepassing,6c,6b,6a,Niet van toepassing,Niet van toepassing,8,6,7,4,5,9,7,3,7,8,8,8,9,8,8,9,9,3,6,7,7,4,7,8,7,7,6,7,8,8,6,7
12/14/2020 21:45:59,27,Man,1,Nee,Blackboxboulder,1.5,0,0,Ja,Ja,Ja,Nee,Ja,Ja,Nee,Nee,Nee,8,8,8,8,6,6b,5c,5c,Rood,Niet van toepassing,6a+,5c,5c,Rood,Niet van toepassing,7,5,6,7,8,8,6,8,7,9,6,7,8,7,6,9,5,9,7,9,3,7,6,6,5,6,8,4,5,3,7,5
12/14/2020 21:47:37,39,Man,3,Ja,Klimax ,2.5,1,3,Ja,Ja,Ja,Nee,Nee,Ja,Nee,Nee,Nee,3,8,8,9,9,6c,6b,6a,Blauw,Niet van toepassing,6b+,6b,5c,Blauw,Niet van toepassing,8,6,6,2,3,9,5,2,7,5,6,5,6,7,7,7,4,7,7,9,4,2,3,3,9,6,2,3,3,8,8,1
12/14/2020 21:50:06,23,Man,4,Ja,Biover,3,2,2,Ja,Ja,Ja,Nee,Ja,Ja,Nee,Nee,Nee,7,8,8,7,7,6c+,6c,6b+,Zwart,6C+,6c+,6c,6b,Zwart,6B,7,7,7,9,9,8,8,10,5,9,7,7,7,9,8,8,8,4,7,9,8,8,9,9,3,8,9,10,7,8,8,6
12/14/2020 21:50:40,26,Vrouw,2,Ja,Black box boulder,2.5,3,2,Ja,Ja,Ja,Nee,Ja,Nee,Nee,Nee,Nee,8,10,9,9,8,6b+,6b+,Niet van toepassing,Rood,6B+,6c,6c,Niet van toepassing,Rood,6C,7,6,8,4,3,9,4,7,7,9,9,7,7,7,7,8,6,6,7,7,3,7,6,8,3,8,5,2,9,7,8,4
12/14/2020 21:52:44,32,Man,9,Ja,Blueberry Hill,2,0,1.5,Ja,Ja,Ja,Nee,Ja,Ja,Ja,Nee,Nee,9,10,9,6,5,7a,6b,6a+,Zwart,6A+,7a,6b,6a,Rood,5C,6,7,7,7,7,8,5,4,7,6,7,8,7,7,7,6,6,8,6,9,3,7,8,6,7,2,6,3,6,6,5,9
12/14/2020 21:56:04,49,Man,7,Nee,Bioveer bleau gent,2.5,2,1,Ja,Nee,Ja,Nee,Nee,Nee,Nee,Nee,Nee,7,9,10,8,7,6a,Niet van toepassing,Niet van toepassing,Rood,Niet van toepassing,6a,Niet van toepassing,Niet van toepassing,Rood,Niet van toepassing,7,8,8,7,8,9,7,7,9,8,7,7,8,7,6,8,8,7,5,6,8,9,4,5,7,5,6,5,8,7,9,7
12/14/2020 21:56:37,21,Vrouw,2,Nee,Blackboxboulder,2,1,0,Ja,Nee,Ja,Nee,Ja,Ja,Nee,Nee,Nee,6,8,8,7,5,5c,Niet van toepassing,<5a,Blauw,<5A,5b,Niet van toepassing,<5a,Blauw,<5A,4,3,7,7,5,9,6,1,5,7,6,7,5,9,6,9,10,6,6,7,6,3,4,1,7,8,7,3,6,9,10,8
12/14/2020 21:57:13,32,Man,5,Ja,Klimax,3,0,2.3,Ja,Nee,Ja,Nee,Nee,Ja,Ja,Nee,Ja,1,9,10,7,9,7a+,Niet van toepassing,7a,Rood,Niet van toepassing,6c+,Niet van toepassing,6b+,Blauw,Niet van toepassing,8,7,9,7,8,8,8,7,9,9,9,7,6,9,9,9,6,10,8,7,10,2,3,8,4,3,2,2,5,0,8,8
12/14/2020 21:57:35,30,Vrouw,4,Ja,biover,1,1,4,Ja,Ja,Ja,Nee,Ja,Ja,Nee,Nee,Nee,5,9,8,4,3,6b,6a,5c,Blauw,Niet van toepassing,6b,6a,5b,Blauw,Niet van toepassing,5,6,7,5,6,9,5,3,8,7,7,7,6,6,8,7,9,7,5,9,6,3,7,5,3,5,5,5,5,5,9,7
12/14/2020 21:58:52,26,Vrouw,0.5,Ja,Bleau Gent ,2.5,0,1.5,Ja,Nee,Ja,Nee,Nee,Nee,Nee,Nee,Nee,8,10,9,6,7,6b,Niet van toepassing,Niet van toepassing,Niet van toepassing,Niet van toepassing,6b,Niet van toepassing,Niet van toepassing,Niet van toepassing,Niet van toepassing,6,7,9,5,6,8,4,9,7,7,5,6,6,8,8,9,10,6,7,5,8,6,8,7,6,6,7,7,7,7,8,7
12/14/2020 22:03:37,30,Man,8,Ja,Bleau,1,0,1,Ja,Ja,Ja,Nee,Ja,Ja,Ja,Nee,Nee,9,9,9,5,3,6c,6b+,6a+,Rood,Niet van toepassing,6c,6a+,6a,Blauw,Niet van toepassing,5,9,8,7,6,9,6,9,8,9,6,5,6,8,7,6,4,9,8,9,8,7,7,8,9,6,5,6,7,3,9,8
12/14/2020 22:12:27,29,Man,6,Ja,biover,1,1,1,Ja,Ja,Nee,Nee,Nee,Ja,Ja,Ja,Ja,7,8,8,7,4,6b+,6a+,6b+,Blauw,Niet van toepassing,6b+,6b,6b,Niet van toepassing,Niet van toepassing,7,6,5,4,5,10,6,7,6,6,6,9,4,9,8,6,5,3,6,7,8,6,6,6,2,0,4,1,6,5,7,5
12/14/2020 22:17:59,22,Man,1,Ja,Blackbox boulder,4,2,1,Ja,Ja,Ja,Nee,Nee,Nee,Nee,Nee,Nee,6,5,7,9,8,7a,6b+,Niet van toepassing,Zwart,Niet van toepassing,6c,6a+,Niet van toepassing,Rood,Niet van toepassing,7,6,6,7,8,8,4,9,7,8,6,7,5,5,8,7,6,5,8,9,2,2,6,8,7,2,6,9,5,9,8,9
12/14/2020 22:20:44,46,Man,26,Ja,Blueberry Hill,1.5,0,0.5,Ja,Ja,Ja,Nee,Ja,Ja,Ja,Ja,Ja,8,8,7,6,6,6c+,6b,6b,Oranje,6A,6b,6a+,6a+,Oranje,6A,6,8,7,9,8,9,9,9,8,7,6,8,7,8,7,7,6,6,7,6,7,9,9,7,5,6,6,0,6,2,8,8
12/14/2020 22:22:02,28,Vrouw,7,Ja,Rhino,2.5,2,1,Ja,Ja,Ja,Nee,Nee,Ja,Nee,Nee,Nee,5,9,9,9,5,6c+,6c+,7a,Rood,6A+,6c,6c,6b+,Blauw,<5A,5,8,6,6,7,9,6,6,9,7,6,6,8,5,7,4,7,10,4,6,7,0,9,5,9,9,7,0,5,0,7,9
12/14/2020 22:23:21,23,Vrouw,14,Ja,Bleau,4,2,0,Ja,Ja,Ja,Nee,Ja,Ja,Nee,Nee,Nee,9,8,8,6,6,7b,6c,6b+,Wit,7A+,7a,6b,Niet van toepassing,Wit,6B,6,8,6,9,10,8,6,7,8,9,8,7,10,7,6,7,9,10,6,8,2,8,7,3,4,5,6,1,5,7,9,4
12/14/2020 22:23:33,23,Man,4,Ja,Blackbox,4.5,2,0,Ja,Ja,Ja,Nee,Ja,Ja,Ja,Nee,Nee,7,5,10,8,6,7a+,7a,7a,>Wit,7B,7a,6b+,6a,Zwart,7A,8,6,2,7,6,8,3,3,8,9,7,7,8,10,9,10,9,8,8,8,7,7,9,10,9,9,10,10,8,9,9,10
12/14/2020 22:43:39,21,Vrouw,2,Nee,Blueberry Hill Kortrijk,2,0,4,Ja,Nee,Ja,Nee,Nee,Nee,Nee,Nee,Nee,10,10,10,3,0,6b,Niet van toepassing,Niet van toepassing,Blauw,Niet van toepassing,6a+,Niet van toepassing,Niet van toepassing,Blauw,Niet van toepassing,7,7,5,7,4,8,2,5,9,6,8,3,3,1,5,6,5,4,5,7,3,7,4,5,5,5,7,2,3,1,9,6
12/14/2020 22:45:31,28,Man,16,Ja,Sportoase leuven,1.5,0,0,Ja,Ja,Nee,Nee,Nee,Ja,Ja,Ja,Ja,9,8,7,6,5,7a,6c,6b,Niet van toepassing,Niet van toepassing,7a,6c,6b,Niet van toepassing,Niet van toepassing,7,9,9,9,9,9,7,7,8,8,8,8,8,8,7,8,7,7,6,7,9,9,7,9,7,5,7,4,7,7,8,7
12/14/2020 22:51:21,40,Vrouw,4,Ja,Bleau,2,2,1,Ja,Ja,Ja,Nee,Ja,Ja,Ja,Nee,Nee,4,10,8,6,3,6b,6a,5c,Blauw,5C,6b,5b,5b,Oranje,5C,8,9,7,1,6,10,8,1,7,8,2,9,7,10,8,9,6,8,7,5,3,3,10,6,5,5,8,0,3,0,10,10
12/14/2020 22:57:55,38,Man,22,Ja,Rhino,1,0,0,Ja,Ja,Ja,Nee,Ja,Ja,Ja,Nee,Nee,10,9,9,9,9,7b,7a,6c+,Zwart,6C+,6c+,6a,6a,Rood,6B+,7,7,8,10,8,8,8,9,8,10,8,10,9,8,8,8,10,8,7,8,6,10,10,6,6,8,8,9,7,9,9,10
12/14/2020 23:02:29,35,Man,2,Ja,Brugge,2,0,0,Ja,Ja,Nee,Nee,Nee,Ja,Ja,Nee,Nee,8,10,6,8,8,7a,6c,6a+,Niet van toepassing,Niet van toepassing,7a+,6a+,6a+,Niet van toepassing,Niet van toepassing,4,9,9,4,7,9,7,9,9,8,6,7,6,8,8,5,9,4,7,7,8,8,8,6,6,7,6,6,7,7,9,9
12/14/2020 23:36:40,28,Vrouw,3,Ja,Blue Berry Hill,1.5,0,0,Ja,Ja,Ja,Nee,Nee,Ja,Ja,Nee,Nee,10,8,8,6,7,6b+,6a+,6a,Blauw,6A,6b,6a,6a+,Blauw,Niet van toepassing,3,10,8,6,9,8,7,7,7,10,6,9,8,9,6,9,4,4,5,4,1,9,9,6,6,2,6,3,5,2,8,8
12/14/2020 23:37:09,45,Man,5,Ja,bloso brugge,1,0,0,Ja,Ja,Nee,Nee,Nee,Ja,Ja,Ja,Nee,7,9,6,3,0,6a+,6a,5c,Niet van toepassing,Niet van toepassing,6a,6a,5c,Niet van toepassing,Niet van toepassing,6,8,6,7,7,9,7,7,9,7,7,6,5,9,8,6,5,8,5,6,8,4,7,5,5,2,6,2,7,5,6,6
12/14/2020 23:38:18,26,Man,1,Ja,Bleau Gent,2.5,0,0,Ja,Ja,Ja,Nee,Ja,Nee,Nee,Nee,Nee,8,10,10,8,8,6b,5c,Niet van toepassing,Zwart,5A,6a,5a,Niet van toepassing,Blauw,<5A,7,8,4,5,5,7,5,7,7,6,6,7,9,6,8,6,7,10,6,9,7,7,5,6,8,4,5,8,6,3,4,5
12/14/2020 23:44:58,53,Man,13,Ja,Blueberry Hill,2.5,0,0,Ja,Ja,Ja,Nee,Nee,Ja,Ja,Ja,Nee,7,10,9,8,7,7a,6c,6c,Rood,Niet van toepassing,6c+,6b+,6b,Blauw,Niet van toepassing,6,7,8,9,8,8,7,8,8,7,10,8,7,8,8,6,8,7,6,9,8,7,7,8,7,9,6,6,7,6,8,9
12/14/2020 23:50:25,31,Man,4,Ja,Black box,2,1,0,Ja,Ja,Ja,Nee,Ja,Nee,Nee,Nee,Nee,8,9,8,9,7,6c+,6a+,6a,Zwart,7A,7a,6b+,6b,Zwart,7A,6,6,7,7,6,7,6,7,8,7,7,7,8,7,8,7,8,7,8,9,8,6,8,9,9,8,6,9,8,9,8,8
12/15/2020 0:31:13,43,Vrouw,15,Ja,climb up lesquin,3.5,0.5,2,Ja,Ja,Ja,Nee,Ja,Ja,Ja,Nee,Nee,3,7,10,8,2,7b,7a+,7a,Rood,5C,7a,6c+,6c,Blauw,5A,5,7,7,6,8,7,6,4,6,7,6,6,7,7,6,4,7,7,8,7,5,5,6,5,3,2,7,4,7,2,7,7
12/15/2020 2:46:39,33,Man,11,Ja,Black box boulder,1,1,0,Ja,Nee,Ja,Nee,Ja,Nee,Nee,Ja,Ja,8,8,7,6,7,6b+,5c,5c,Rood,5A,6b+,5b,<5a,Rood,5B,6,6,7,7,7,7,6,6,6,7,7,7,6,3,8,6,7,5,6,7,5,7,6,6,3,6,6,8,6,7,7,4
12/15/2020 6:51:47,50,Man,29,Ja,Bio ,2,0,0,Ja,Ja,Ja,Nee,Ja,Ja,Ja,Nee,Nee,10,10,10,10,10,6b+,6b,6b,Blauw,6B,6c,6b,6a+,Blauw,6A,8,8,9,10,9,8,8,9,9,9,7,8,8,6,7,8,9,8,7,4,5,8,7,7,6,8,3,6,6,4,8,8
12/15/2020 6:52:05,36,Man,15,Nee,Boulder,2,0,0,Nee,Nee,Ja,Nee,Ja,Nee,Nee,Nee,Nee,5,6,9,9,9,7a,7a,7b+,Wit,7C+,Niet van toepassing,Niet van toepassing,Niet van toepassing,Zwart,Niet van toepassing,9,6,6,9,5,8,5,6,4,8,10,10,6,9,8,9,10,1,6,10,2,3,1,10,9,0,9,7,5,10,6,3
12/15/2020 7:35:32,27,Man,12,Ja,Bbh,1.5,0,0,Ja,Ja,Ja,Nee,Nee,Ja,Ja,Nee,Nee,5,9,10,10,7,7b,6c,6c,Zwart,Niet van toepassing,7a,6b+,6c,Niet van toepassing,Niet van toepassing,7,4,6,5,5,10,7,7,7,8,8,7,6,3,7,6,6,6,6,6,6,6,6,6,6,6,6,6,6,6,6,6
12/15/2020 7:44:39,29,Man,8,Ja,Blueberry-hill,2,0,0,Ja,Ja,Ja,Nee,Ja,Ja,Ja,Nee,Nee,8,8,7,6,4,7a,7a,6c,Rood,6A+,7a,7a,6b+,Rood,5C,6,8,8,8,8,9,8,5,6,8,8,8,7,10,7,9,8,9,7,8,4,7,8,7,9,7,8,7,7,6,9,8
12/15/2020 7:48:46,33,Vrouw,1,Nee,Blackbox Boulder Kortrijk,2.5,1,3,Nee,Nee,Ja,Nee,Nee,Nee,Nee,Nee,Nee,6,7,4,2,7,6a,Niet van toepassing,Niet van toepassing,Blauw,Niet van toepassing,Niet van toepassing,Niet van toepassing,Niet van toepassing,Blauw,Niet van toepassing,6,8,7,3,5,5,7,7,6,7,5,5,7,4,7,7,8,3,5,3,7,7,5,5,5,5,4,6,5,5,7,5
12/15/2020 7:53:15,34,Man,3,Ja,City Lizard,1.5,0.5,0.5,Ja,Ja,Ja,Nee,Ja,Ja,Nee,Nee,Nee,8,8,8,7,6,6c,6a,6a,Zwart,6C,6a,5b,6a,Blauw,5C,4,6,2,3,6,7,6,8,2,7,5,8,7,3,6,6,7,6,4,6,2,3,5,7,5,0,4,6,5,3,7,8
12/15/2020 8:36:41,58,Man,35,Nee,Oympia,2,0,4,Ja,Ja,Ja,Nee,Ja,Ja,Ja,Nee,Ja,8,10,8,7,5,7a,6c,6c,Blauw,6C,6b+,6b+,6b+,Blauw,6B+,7,9,9,9,9,9,9,8,9,8,8,8,9,8,8,8,7,8,7,7,9,8,8,7,8,8,7,7,8,7,8,8
12/15/2020 8:53:55,30,Man,18,Ja,Blok,2,0,4,Ja,Ja,Ja,Nee,Ja,Ja,Ja,Ja,Ja,10,10,6,3,0,7a,7a,6c,Rood,5B,6b,6a,6a,Blauw,5A,4,8,10,9,9,9,8,8,6,5,5,5,5,9,9,4,9,8,7,4,8,9,9,6,9,9,3,3,9,1,9,9
12/15/2020 9:09:28,38,Vrouw,1,Ja,Brugge ,1.5,3,1,Ja,Nee,Ja,Nee,Ja,Nee,Nee,Nee,Nee,5,8,8,7,7,5a,Niet van toepassing,Niet van toepassing,Groen,5A,5a,Niet van toepassing,Niet van toepassing,Groen,Niet van toepassing,5,7,7,7,6,7,6,7,8,7,7,6,5,7,7,7,6,8,6,7,7,6,6,6,6,7,7,7,6,6,8,6
12/15/2020 9:27:49,33,Man,9,Ja,Biover,1.5,0,1,Ja,Ja,Ja,Nee,Ja,Ja,Nee,Nee,Nee,8,9,7,7,7,7a,6b,6b+,Zwart,6B+,6b+,6b,6b,Zwart,5C,6,7,6,7,7,7,7,8,7,8,7,6,7,6,7,7,8,3,5,7,5,8,7,5,6,6,4,7,5,4,7,5
12/15/2020 9:44:07,42,Man,17,Ja,Blueberry hill,3,7,2,Ja,Ja,Ja,Nee,Ja,Ja,Ja,Nee,Ja,10,10,10,10,10,7b+,6c,7a,Zwart,Niet van toepassing,7b,6c,7a,Zwart,6B,8,8,8,10,7,9,10,10,6,9,8,6,8,7,8,9,7,9,7,9,5,7,9,9,9,5,7,7,9,9,7,9
12/15/2020 9:48:19,44,Vrouw,2,Ja,Alphamayo,2,3,3,Ja,Nee,Nee,Nee,Nee,Nee,Nee,Nee,Nee,2,10,9,5,2,5c,Niet van toepassing,Niet van toepassing,Niet van toepassing,Niet van toepassing,5c,Niet van toepassing,Niet van toepassing,Niet van toepassing,Niet van toepassing,8,8,8,8,4,9,8,4,8,8,6,6,3,7,8,8,4,1,3,3,6,5,7,8,2,3,3,8,3,4,8,5
12/15/2020 10:03:35,16,Vrouw,9,Ja,Rhino,3,3.5,2,Ja,Ja,Ja,Ja,Ja,Ja,Nee,Nee,Nee,6,9,10,9,5,8a,8a+,>8b,>Wit,7C+,Niet van toepassing,8a,8b,>Wit,7B,8,6,9,6,8,7,9,10,6,10,9,7,10,3,7,9,7,9,6,9,7,6,8,8,9,10,8,8,5,9,7,8
12/15/2020 10:04:41,24,Vrouw,10,Ja,Blue Berry Hill,1,0,1,Ja,Ja,Nee,Nee,Nee,Ja,Ja,Nee,Nee,7,8,10,0,0,7b,7a,7a,Niet van toepassing,Niet van toepassing,7b,7a,7a,Niet van toepassing,Niet van toepassing,5,5,6,6,7,6,6,2,6,6,6,5,5,6,5,8,5,9,9,6,4,8,10,10,5,7,6,4,4,0,2,5
12/15/2020 10:07:30,16,Man,5,Ja,Klimzaal wallstreet in Antwerpen ,2,1,1,Ja,Ja,Ja,Nee,Ja,Ja,Nee,Nee,Nee,4,6,7,9,8,7a,6c+,6c,Zwart,6B,6c,6b+,6a,Rood,5C,7,7,4,5,6,7,7,6,7,7,7,7,6,5,6,6,10,4,6,4,8,7,8,6,7,3,8,8,7,7,6,7
12/15/2020 10:12:51,37,Man,15,Ja,Sport Vlaanderen Brugge,2.5,0,0.5,Ja,Ja,Nee,Nee,Nee,Ja,Ja,Ja,Nee,8,8,10,10,10,7a,6c+,6c,Rood,7A+,6c,6c,6b,Rood,6B,5,9,4,8,8,9,7,6,7,7,6,8,6,7,9,4,8,4,4,7,5,9,9,6,7,4,7,0,7,4,8,9
12/15/2020 10:22:33,32,Man,2,Nee,Bleau,2,1,1,Nee,Nee,Ja,Nee,Ja,Nee,Nee,Ja,Nee,6,6,10,8,7,Niet van toepassing,Niet van toepassing,Niet van toepassing,Rood,6B,Niet van toepassing,Niet van toepassing,Niet van toepassing,Blauw,6A,6,8,5,5,6,0,4,6,8,9,8,5,6,5,6,7,8,8,7,7,6,6,7,7,8,6,7,6,6,5,8,8
12/15/2020 10:30:46,24,Vrouw,1,Ja,Balance,1,0,1,Ja,Nee,Ja,Nee,Ja,Nee,Nee,Nee,Nee,10,9,7,3,0,5b,Niet van toepassing,Niet van toepassing,Blauw,<5A,<5a,Niet van toepassing,Niet van toepassing,Oranje,<5A,2,9,9,4,4,8,1,6,9,8,7,7,2,8,5,4,9,2,6,5,7,1,4,7,3,1,5,0,6,0,7,3
12/15/2020 10:31:54,24,Man,15,Nee,blackbox,3,3,1,Nee,Nee,Ja,Nee,Ja,Nee,Nee,Nee,Nee,7,7,10,10,8,8a+,8a+,8a,>Wit,8A,8a,8a,8a,>Wit,8A,9,8,5,7,8,8,7,8,7,9,9,10,9,7,10,10,10,10,10,10,3,8,8,9,3,9,8,10,8,10,8,8
12/15/2020 10:42:23,24,Man,3,Nee,Blueberry hill Kortrijk,1,0,2,Ja,Ja,Ja,Nee,Nee,Nee,Nee,Nee,Nee,9,9,9,9,7,6a,5c,Niet van toepassing,Blauw,Niet van toepassing,6a,5b,Niet van toepassing,Oranje,Niet van toepassing,3,7,2,7,3,7,5,4,2,7,3,4,2,2,5,5,7,5,5,5,6,5,5,5,5,7,5,5,5,2,7,5
12/15/2020 10:57:24,19,Vrouw,14,Ja,Stordeur,3,0,0,Ja,Ja,Ja,Nee,Ja,Ja,Ja,Nee,Nee,9,9,5,4,6,6c,6a,6b,Blauw,5A,6b,5c,6b,Blauw,5A,3,10,7,8,7,8,10,10,9,6,7,6,8,7,9,4,7,1,5,8,0,8,1,0,0,1,4,0,5,0,10,10
12/15/2020 11:02:19,23,Vrouw,2,Ja,Rhino Bouldergym Gent,2.5,1.5,1.5,Nee,Ja,Ja,Nee,Ja,Ja,Ja,Ja,Nee,10,8,6,3,1,7a+,7b,6c,Zwart,6A+,6a,6a+,6b+,Blauw,5B,5,8,8,4,5,10,6,9,10,8,9,10,5,9,6,3,10,3,6,9,7,9,10,1,2,2,7,2,4,0,10,10
12/15/2020 11:40:09,31,Man,12,Nee,Balance,0.1,7,0,Ja,Nee,Ja,Nee,Ja,Nee,Nee,Nee,Nee,10,9,7,6,8,5c,Niet van toepassing,Niet van toepassing,Oranje,5C,5c,Niet van toepassing,Niet van toepassing,Oranje,5C,5,7,2,7,5,8,7,3,2,6,3,7,8,7,3,2,3,1,5,5,6,3,5,5,6,2,1,3,2,6,7,4
12/15/2020 11:58:11,41,Man,8,Ja,bloso brugge,2,0,4,Ja,Ja,Ja,Nee,Ja,Ja,Ja,Nee,Nee,6,9,8,8,10,7b,6c,6b,Zwart,6B,6c,6b,6b,Rood,6A+,8,7,8,6,9,10,8,10,9,9,8,9,8,7,9,7,10,8,9,7,6,8,9,7,8,6,4,4,7,9,7,10
12/15/2020 12:06:32,23,Vrouw,1,Nee,Blackbox boulder,1,1,4,Nee,Nee,Ja,Nee,Nee,Nee,Nee,Nee,Nee,5,8,7,5,6,Niet van toepassing,Niet van toepassing,Niet van toepassing,Blauw,Niet van toepassing,Niet van toepassing,Niet van toepassing,Niet van toepassing,Blauw,Niet van toepassing,4,7,9,3,3,4,2,8,6,5,6,0,4,2,5,7,10,5,4,4,6,3,3,3,3,4,3,7,3,3,3,4
12/15/2020 12:14:57,45,Man,6,Ja,Den oosthoek in de panne,1,1,3,Ja,Ja,Nee,Nee,Nee,Ja,Ja,Nee,Nee,8,7,3,0,6,6a,5c,5c,Niet van toepassing,Niet van toepassing,5c,5b,5b,Niet van toepassing,Niet van toepassing,5,6,6,6,6,8,7,7,6,6,6,8,4,8,4,4,6,7,5,5,4,6,5,5,4,5,5,2,5,5,6,6
12/15/2020 12:26:43,39,Vrouw,1,Ja,klimax,1,1,3.5,Ja,Nee,Nee,Nee,Nee,Ja,Nee,Nee,Nee,7,6,3,2,5,5c,Niet van toepassing,5b,Niet van toepassing,Niet van toepassing,5c,Niet van toepassing,5b,Niet van toepassing,Niet van toepassing,4,6,5,5,7,8,3,3,7,8,8,8,2,9,0,0,0,0,0,0,0,0,0,0,0,0,0,0,0,0,0,0
12/15/2020 13:09:34,28,Man,10,Ja,Bleau ,3,0,1,Ja,Ja,Ja,Nee,Nee,Ja,Ja,Ja,Nee,3,7,10,10,10,7b+,7b,7a,>Wit,Niet van toepassing,Niet van toepassing,Niet van toepassing,6b+,Rood,Niet van toepassing,7,7,7,5,7,10,7,5,5,8,7,9,7,8,8,9,9,10,7,10,10,7,10,10,10,8,10,10,7,10,9,10
12/15/2020 13:17:04,34,Man,10,Ja,City Lizard,3,1,2,Ja,Ja,Ja,Nee,Ja,Ja,Ja,Nee,Nee,10,10,10,10,10,7b,7a+,7a+,>Wit,7C,7a,7a,7a,Zwart,7A+,5,5,0,8,5,10,8,8,5,8,5,10,8,10,10,10,10,10,10,10,10,10,10,10,10,10,10,10,10,10,10,10
12/15/2020 13:17:51,18,Vrouw,2,Ja,Black box boulder ,2,1,1,Ja,Nee,Ja,Nee,Ja,Nee,Nee,Nee,Ja,5,8,8,3,6,5c,Niet van toepassing,Niet van toepassing,Blauw,Niet van toepassing,5c,Niet van toepassing,Niet van toepassing,Blauw,Niet van toepassing,3,8,6,8,5,6,2,8,6,8,3,3,3,5,3,2,0,6,2,3,3,3,4,4,3,4,4,1,5,3,4,3
12/15/2020 13:35:50,15,Man,5,Ja,Klimzaal wallstreet,3.5,1,0.5,Ja,Ja,Ja,Nee,Ja,Ja,Ja,Nee,Ja,7,9,10,7,7,7c,7c,7b+,Zwart,7B+,7b+,7b+,7b+,Rood,6C,4,7,6,10,7,9,9,9,10,9,5,5,4,7,8,7,10,4,9,10,8,7,9,3,9,2,9,9,7,5,7,9
12/15/2020 13:54:17,24,Vrouw,9,Ja,City lizard,3,2,3,Ja,Ja,Ja,Nee,Ja,Ja,Nee,Nee,Nee,3,9,9,9,6,6c,6b+,6c,Rood,6A,6b,6b,6b+,Rood,5C,7,4,7,7,5,8,7,7,4,8,8,7,5,6,7,6,6,5,6,7,3,4,6,6,8,3,5,6,6,6,5,7
12/15/2020 14:46:58,34,Man,5,Nee,Balance,1,0,0,Nee,Nee,Ja,Nee,Ja,Nee,Nee,Nee,Nee,5,7,8,10,10,6b,6a,Niet van toepassing,Zwart,6B,6b,6a,<5a,Zwart,6B,9,5,3,7,6,5,6,10,6,9,8,7,7,5,8,6,9,4,8,9,9,3,9,8,9,1,6,10,6,10,5,8
12/15/2020 17:23:21,36,Man,5,Nee,Balance,1.5,4.5,1,Nee,Nee,Ja,Nee,Ja,Nee,Nee,Nee,Nee,8,8,6,4,9,Niet van toepassing,Niet van toepassing,Niet van toepassing,Zwart,6A,Niet van toepassing,Niet van toepassing,Niet van toepassing,Zwart,6A,5,8,6,5,8,5,6,6,6,7,7,6,6,0,8,5,8,5,4,3,4,7,6,5,8,4,3,6,5,7,9,4
12/15/2020 18:14:19,30,Man,8,Ja,Future Soprts,1.5,1,2,Ja,Ja,Ja,Nee,Ja,Ja,Ja,Nee,Ja,8,10,10,9,7,6b,6b,6a,Rood,5C,6a+,6a+,6b,Blauw,5C,7,8,8,8,7,9,8,6,7,8,9,8,6,9,7,8,6,8,8,6,6,7,9,7,6,5,6,9,7,6,9,8
12/15/2020 19:25:57,40,Man,6,Ja,Paramount Brugge,1.5,0,2,Ja,Ja,Nee,Nee,Nee,Ja,Ja,Nee,Ja,8,8,6,4,3,6a,5c,5b,Niet van toepassing,Niet van toepassing,6a,5c,5b,Niet van toepassing,Niet van toepassing,6,4,5,5,6,9,4,7,2,8,5,9,4,9,5,5,5,5,5,5,3,5,5,2,2,5,3,3,5,4,5,5
12/15/2020 19:28:16,36,Man,8,Ja,Paramount ,1,0,0,Ja,Ja,Nee,Nee,Nee,Ja,Ja,Ja,Nee,9,8,6,4,3,6b,5c,5c,Niet van toepassing,Niet van toepassing,6a,5b,5b,Niet van toepassing,Niet van toepassing,7,7,6,4,5,9,8,5,6,7,5,7,4,7,6,6,6,6,6,7,7,4,7,6,4,6,6,3,6,6,7,7
12/15/2020 19:31:58,53,Man,26,Ja,BlueBerry Hill,1,1,1,Ja,Ja,Ja,Nee,Nee,Ja,Nee,Nee,Nee,10,10,9,5,8,7a+,6c,6b+,Blauw,Niet van toepassing,7b,Niet van toepassing,6b+,Blauw,Niet van toepassing,4,7,7,10,9,9,10,8,5,9,9,5,8,9,8,9,9,3,10,8,4,9,9,5,5,6,8,0,8,0,9,10
12/15/2020 19:40:31,38,Man,15,Ja,Biover gent,1,0,1,Ja,Ja,Ja,Nee,Ja,Nee,Nee,Nee,Nee,6,8,8,6,6,6c+,6a,Niet van toepassing,Rood,Niet van toepassing,6a+,5c,Niet van toepassing,Blauw,Niet van toepassing,3,7,3,7,7,9,7,7,5,8,5,7,5,5,5,7,5,7,5,5,3,4,7,6,4,5,4,3,5,4,9,5
12/15/2020 19:49:58,20,Vrouw,10,Ja,Klimax ,3.5,1,1,Ja,Ja,Ja,Nee,Ja,Ja,Nee,Nee,Nee,3,4,8,9,10,7c+,8a,8a+,Zwart,7C,7b+,7c+,7c,Zwart,7A+,7,5,8,9,8,9,9,9,7,9,8,8,9,3,6,7,6,10,7,9,0,6,7,7,8,0,7,7,6,8,9,9
12/15/2020 19:57:31,33,Man,6,Ja,Black Box Boulder,2.5,0.3,0.3,Ja,Ja,Ja,Nee,Ja,Ja,Nee,Nee,Nee,4,8,10,6,4,7a+,7a+,7a,Zwart,6B+,7a,7a,6c,Rood,6B,8,6,7,5,4,8,7,8,6,6,5,7,6,6,8,7,7,3,7,8,2,5,5,7,7,3,7,6,8,7,6,7
12/15/2020 20:07:03,42,Man,20,Ja,Klimkaffee,2,0,0,Ja,Ja,Ja,Nee,Ja,Ja,Nee,Nee,Ja,8,9,10,10,10,7c,7a+,7a,Wit,7B+,7a,6c,6b,Rood,6A+,10,8,8,10,7,10,10,7,7,8,10,10,10,10,10,10,10,10,10,10,10,10,10,10,10,10,10,10,10,10,10,10
12/15/2020 20:20:37,30,Man,10,Ja,blue berry hill,3,2,0,Ja,Ja,Ja,Nee,Nee,Ja,Ja,Nee,Nee,4,9,10,10,7,7b+,7b,7b,Zwart,Niet van toepassing,7b,7a+,7a+,Rood,Niet van toepassing,8,7,7,8,7,8,7,7,6,8,8,7,8,8,8,8,9,7,6,8,4,8,9,9,7,7,8,7,9,8,8,10
12/15/2020 20:24:44,35,Vrouw,3,Nee,Biover Gent,0.5,0,3,Ja,Nee,Ja,Nee,Nee,Nee,Nee,Nee,Nee,5,9,9,8,7,5c,Niet van toepassing,Niet van toepassing,Oranje,Niet van toepassing,5c,Niet van toepassing,Niet van toepassing,Oranje,Niet van toepassing,7,7,7,7,6,7,7,6,6,6,5,5,5,6,7,7,8,7,7,6,6,4,7,7,6,4,6,8,7,4,8,6
12/15/2020 21:24:14,50,Man,4,Ja,black box boulder,2.5,6,0,Ja,Ja,Ja,Nee,Nee,Nee,Nee,Nee,Nee,8,9,8,7,5,6a,5c,Niet van toepassing,Blauw,Niet van toepassing,6a,5c,Niet van toepassing,Blauw,Niet van toepassing,7,8,7,5,5,7,5,8,7,8,7,6,4,7,5,7,7,7,7,5,4,8,6,4,3,4,7,2,7,4,8,6
12/15/2020 22:48:21,28,Vrouw,7,Ja,"Rhino boulder gym, Gent",1,0.5,1,Ja,Ja,Ja,Nee,Ja,Ja,Nee,Nee,Nee,7,9,9,8,8,7a,6c,6a,Zwart,5C,6c,6b,5c,Rood,5B,7,8,7,6,6,8,7,7,9,9,9,9,8,8,7,8,8,7,9,8,6,8,6,7,6,5,7,8,8,8,7,7
12/15/2020 23:18:02,48,Man,34,Ja,Area,2.5,0,1,Ja,Ja,Ja,Nee,Ja,Ja,Ja,Nee,Nee,6,10,10,8,6,7b,7a,7a+,Zwart,6C,7a,6c+,6c,Zwart,6B,7,9,9,9,9,10,9,10,8,10,6,6,9,10,9,8,8,4,5,10,8,10,9,7,9,6,5,3,4,5,9,9
12/15/2020 23:28:45,41,Vrouw,20,Ja,Klimax,2.5,1.5,1,Ja,Ja,Ja,Nee,Ja,Ja,Nee,Nee,Nee,10,10,9,8,7,6c,6b,6a+,Rood,6A+,6b+,6a+,6a,Blauw,5C,3,5,5,3,7,6,4,2,5,4,8,4,4,2,7,7,4,7,6,8,7,6,8,4,5,5,8,1,4,1,6,6
12/16/2020 5:50:31,49,Man,29,Ja,Geen,0.4,0,2,Ja,Nee,Ja,Nee,Ja,Ja,Ja,Ja,Ja,8,8,6,0,0,6a,5b,5b,Niet van toepassing,Niet van toepassing,5b,Niet van toepassing,5b,Niet van toepassing,Niet van toepassing,4,8,4,6,6,6,4,6,5,5,5,5,3,8,5,5,5,5,5,5,5,5,5,5,5,5,5,5,5,5,5,5
12/16/2020 8:07:47,41,Man,30,Ja,klimax,1,1,2,Ja,Ja,Ja,Nee,Ja,Ja,Ja,Nee,Ja,2,10,10,5,5,6b+,6a+,6a+,Blauw,6A,6b+,6a+,6a+,Blauw,6A,7,6,7,4,6,8,8,8,4,7,7,7,7,9,5,7,8,6,7,9,2,7,8,6,4,1,7,8,6,3,7,8
12/16/2020 9:17:31,28,Vrouw,1,Nee,Klimzaal Balance,1.5,0,1,Nee,Nee,Ja,Nee,Ja,Nee,Nee,Nee,Nee,10,10,10,6,1,Niet van toepassing,Niet van toepassing,Niet van toepassing,Oranje,<5A,Niet van toepassing,Niet van toepassing,Niet van toepassing,Oranje,<5A,0,8,5,7,8,0,3,5,9,8,0,5,5,0,7,6,7,3,2,7,1,4,0,0,0,0,7,2,2,0,8,2
12/16/2020 10:30:49,41,Man,27,Ja,Wall Street,2,2,2,Ja,Ja,Ja,Nee,Ja,Ja,Ja,Ja,Ja,10,10,10,10,10,7c,7b+,8a,Zwart,7B,7b+,7a+,7b,Zwart,6C+,8,8,6,9,9,8,8,8,6,8,8,8,8,9,8,8,8,8,9,6,7,9,6,8,8,7,8,8,8,8,8,8
12/16/2020 10:50:51,16,Man,3,Ja,De Stordeur ,1.5,3,0.5,Ja,Nee,Ja,Nee,Ja,Ja,Ja,Nee,Nee,2,8,9,6,5,7a,Niet van toepassing,6a,Rood,5C,6c,Niet van toepassing,5c,Rood,5B,6,7,7,3,6,8,7,7,7,7,7,7,7,9,8,7,7,7,6,8,8,7,7,7,10,8,8,9,7,7,7,9
12/16/2020 11:50:45,14,Vrouw,5,Ja,Bleau,2.7,0,1,Ja,Ja,Ja,Ja,Ja,Nee,Nee,Nee,Ja,4,6,8,6,3,6c,6b+,Niet van toepassing,Zwart,6A+,6c,6a,Niet van toepassing,Zwart,6A,4,2,3,6,6,7,6,2,9,7,6,4,2,5,8,8,7,2,3,7,5,0,4,6,8,6,9,3,5,1,6,8
12/16/2020 13:36:47,44,Man,35,Ja,Sport vlaanderen Brugge,1.5,0,0,Ja,Ja,Ja,Nee,Nee,Ja,Ja,Nee,Ja,8,9,8,4,1,6a,5b,5c,Blauw,Niet van toepassing,6a,5b,5c,Blauw,Niet van toepassing,7,6,8,5,8,9,9,7,6,9,7,7,8,9,8,6,9,7,5,4,8,8,6,6,3,5,3,2,3,5,8,8
12/16/2020 16:16:02,33,Man,8,Ja,Rhino,2.5,1,1,Ja,Ja,Ja,Nee,Ja,Ja,Ja,Nee,Nee,4,9,10,9,9,7a+,7a+,7b,Zwart,6C,7a,7a,6c+,Rood,6B+,8,7,6,5,9,10,7,9,5,7,7,9,6,9,10,10,10,10,8,10,4,8,10,9,9,7,7,10,8,7,7,10
12/16/2020 18:21:00,44,Man,6,Ja,Blackbox,3,1,0,Nee,Nee,Ja,Nee,Ja,Nee,Nee,Nee,Nee,9,9,10,10,10,Niet van toepassing,Niet van toepassing,Niet van toepassing,Zwart,7A+,Niet van toepassing,Niet van toepassing,Niet van toepassing,Rood,6C,9,8,7,9,8,9,6,7,4,7,8,10,6,5,9,10,10,3,6,9,5,9,7,10,8,3,7,3,5,8,8,8
12/16/2020 19:03:17,43,Man,30,Ja,Klimax,1,0,3,Ja,Ja,Nee,Nee,Nee,Ja,Ja,Ja,Ja,10,9,8,7,4,6c,6a+,6a,Niet van toepassing,Niet van toepassing,6b,6a,6a,Niet van toepassing,Niet van toepassing,6,8,7,6,7,9,8,8,7,6,6,8,6,10,8,6,7,6,6,8,8,9,6,6,5,5,6,4,7,4,9,6
12/16/2020 20:00:38,30,Man,4,Nee,Balance,2,0,1,Ja,Nee,Ja,Nee,Nee,Nee,Nee,Nee,Nee,9,9,9,9,9,6b,Niet van toepassing,Niet van toepassing,Rood,Niet van toepassing,6a+,Niet van toepassing,Niet van toepassing,Rood,Niet van toepassing,4,6,5,6,4,2,3,6,6,6,4,4,3,2,7,7,7,5,2,7,3,4,6,4,6,2,6,4,7,6,7,8
12/16/2020 20:03:09,21,Vrouw,21,Ja,Bbh,3,3,3,Ja,Ja,Ja,Nee,Nee,Ja,Ja,Nee,Ja,7,10,8,7,8,7a,6a,5c,Blauw,Niet van toepassing,6a+,5c,5b,Blauw,Niet van toepassing,7,3,9,6,8,9,9,5,9,7,6,8,8,10,6,8,4,8,5,8,5,5,9,5,7,5,5,3,5,0,7,7
12/16/2020 20:53:45,62,Man,24,Ja,Sportvlaanderen Brugge,1,3,2,Ja,Ja,Nee,Nee,Nee,Ja,Ja,Nee,Ja,8,8,5,5,0,6a,5c,5c,Niet van toepassing,Niet van toepassing,5c,5b,5b,Niet van toepassing,Niet van toepassing,7,7,7,7,7,9,7,8,7,9,7,8,7,9,8,6,6,8,0,7,9,8,8,8,8,0,8,0,7,0,5,7
12/17/2020 1:42:47,36,Man,6,Nee,black box,3,2,1,Ja,Nee,Ja,Nee,Nee,Nee,Nee,Nee,Nee,6,9,8,9,7,5c,Niet van toepassing,Niet van toepassing,Blauw,Niet van toepassing,5a,Niet van toepassing,Niet van toepassing,Blauw,Niet van toepassing,4,6,6,5,6,9,7,7,8,7,6,8,6,6,6,8,6,8,9,9,6,6,8,7,6,6,8,9,6,8,6,8
12/17/2020 21:41:05,29,Man,2,Nee,Blueberry hill ,1,0,4,Ja,Ja,Ja,Nee,Ja,Ja,Nee,Nee,Nee,3,8,10,8,9,6c,6a+,Niet van toepassing,Rood,Niet van toepassing,6c,6a+,Niet van toepassing,Rood,Niet van toepassing,9,5,8,5,6,7,7,7,4,7,6,7,8,7,10,10,8,7,6,8,3,4,5,8,6,4,4,8,6,9,7,4
12/18/2020 10:19:39,27,Man,7,Ja,Den Oosthoek,3,0,3,Ja,Ja,Ja,Nee,Ja,Ja,Nee,Nee,Nee,7,8,8,8,9,7a+,6c+,6b,Zwart,6B+,7a+,7a,6b,Zwart,6B+,8,5,6,8,8,10,6,7,9,8,8,9,8,4,8,7,9,5,8,10,5,6,8,7,9,7,10,10,8,9,6,7
12/18/2020 20:13:43,18,Man,11,Ja,stordeur,4,3,1,Ja,Ja,Ja,Ja,Ja,Ja,Ja,Ja,Ja,4,8,10,10,10,8a,7c+,8a,>Wit,7C,7b,7a+,7a,Zwart,6C+,10,6,7,6,5,8,9,7,2,8,8,8,10,9,8,8,8,8,6,6,10,7,9,10,6,6,6,8,5,9,7,7
12/18/2020 20:19:15,33,Man,11,Ja,blackboxboulder,1,5,0,Nee,Nee,Ja,Nee,Ja,Nee,Nee,Nee,Ja,6,8,10,9,7,7b,6b,6c,>Wit,7C,6c,Niet van toepassing,Niet van toepassing,Zwart,7A,7,7,6,5,4,7,7,8,8,9,7,8,7,10,8,10,9,10,9,9,9,9,9,9,9,8,9,8,9,9,9,8
12/18/2020 20:37:02,24,Man,8,Ja,Klimzaal Blok,2,1,0,Ja,Ja,Ja,Nee,Ja,Ja,Ja,Nee,Ja,4,9,6,4,2,7a,6b+,6b,Zwart,7A,6c,6a+,6a+,Rood,6A+,6,6,4,8,7,9,8,7,7,8,8,8,6,9,6,8,8,4,6,9,5,4,6,8,8,4,8,6,6,8,8,7
12/19/2020 13:28:26,20,Vrouw,16,Ja,Biover Gent,0.5,0,2,Ja,Ja,Ja,Nee,Nee,Ja,Nee,Nee,Nee,10,9,7,4,2,6a+,5c,Niet van toepassing,Oranje,Niet van toepassing,6a,5c,Niet van toepassing,Oranje,Niet van toepassing,3,9,6,7,4,10,8,7,4,8,7,5,3,3,5,5,8,4,5,6,6,7,7,5,4,5,5,6,5,5,2,5
12/20/2020 19:58:04,28,Man,11,Ja,Blueberry hill,3,0,0,Ja,Ja,Ja,Nee,Ja,Ja,Ja,Ja,Ja,10,10,10,6,4,7c,7a+,7c,Zwart,7A,7a,7a,7a,Rood,6A,3,9,6,8,9,9,8,7,6,6,6,7,9,10,9,7,7,9,8,7,10,9,8,4,5,7,7,6,9,4,8,8
12/22/2020 19:48:57,43,Man,20,Ja,Black Box,2,0,0,Ja,Nee,Ja,Nee,Ja,Nee,Nee,Nee,Nee,4,8,8,6,4,6c,Niet van toepassing,Niet van toepassing,Rood,6B,6b,Niet van toepassing,Niet van toepassing,Blauw,5B,4,6,6,8,7,8,7,5,3,6,4,6,7,6,7,8,7,7,5,3,2,4,2,4,4,5,2,2,4,2,8,6
12/23/2020 14:58:10,40,Man,4,Nee,black box,2,2,1,Nee,Nee,Ja,Nee,Ja,Nee,Nee,Nee,Nee,7,7,8,9,10,Niet van toepassing,Niet van toepassing,Niet van toepassing,Zwart,7B,Niet van toepassing,Niet van toepassing,Niet van toepassing,Rood,6B+,7,7,7,7,7,5,7,7,7,7,7,7,7,5,5,8,5,6,5,9,2,5,5,8,4,3,9,0,5,7,1,4
12/23/2020 19:41:45,29,Vrouw,7,Ja,Rhino,2.5,1,2,Ja,Ja,Ja,Nee,Ja,Ja,Ja,Ja,Ja,4,9,6,3,2,6c,6b,6b,Rood,6A,6a+,5c,6a+,Blauw,5B,3,4,4,3,3,8,5,1,2,3,4,5,6,5,5,4,6,3,3,3,1,4,3,2,1,1,2,4,2,2,4,4
12/23/2020 19:45:04,32,Man,11,Ja,Rhino,2.5,0,1,Ja,Ja,Ja,Nee,Ja,Ja,Ja,Ja,Ja,4,7,9,6,4,7b,7b+,7c,Zwart,7A+,7a+,7a+,7b,Rood,6B,5,5,7,8,7,8,5,7,6,7,6,8,7,6,6,6,9,5,5,9,2,6,7,7,7,2,6,7,6,6,7,7
12/25/2020 18:37:57,25,Man,3,Ja,bleau,3,3,0,Ja,Ja,Ja,Nee,Ja,Ja,Nee,Nee,Nee,7,8,8,8,10,7a,6c,6c+,Zwart,7A,7a,6c+,6c,Zwart,7A,6,8,7,7,8,7,6,6,8,7,8,7,7,7,7,7,7,7,7,8,5,7,8,5,7,5,7,7,6,7,8,8
12/25/2020 21:04:34,36,Man,12,Ja,Wallstreet ,6,0,2,Ja,Ja,Ja,Nee,Ja,Ja,Ja,Ja,Nee,10,10,10,8,7,7c,7b,7b+,Niet van toepassing,6C,7b,7a,7a,Niet van toepassing,6B,7,9,8,8,9,9,8,9,9,9,7,7,9,8,8,8,8,8,9,9,9,8,9,8,8,9,7,7,8,8,8,9
12/28/2020 17:30:30,36,Vrouw,11,Ja,"What's Up (Whambrechies, Frankrijk)",1,0,0,Ja,Ja,Nee,Nee,Nee,Ja,Ja,Nee,Nee,10,10,7,1,0,6b+,5c,5b,Niet van toepassing,Niet van toepassing,6a+,5b,5a,Niet van toepassing,Niet van toepassing,3,6,4,6,6,6,6,7,5,5,5,3,1,5,7,2,4,2,2,5,5,5,5,4,5,0,5,1,5,1,5,5